Capability ID,Wireframe Story,Capability,Backend Exists,New Development Required,API Contract Available,Authentication Confirmed,Authorization Confirmed,Tenant Context Confirmed,Request Schema Available,Response Schema Available,Error Contract Available,Async Behavior Confirmed,Lifecycle Confirmed,Backend Owner,Confirmation Status,Notes
"BE-001","Story-1, Story 1.1.1","Real-Time Platform Telemetry & System Metrics","PARTIAL","PARTIAL","PARTIAL","PARTIAL","BACKEND CONFIRMATION REQUIRED","PARTIAL","PARTIAL","PARTIAL","BACKEND CONFIRMATION REQUIRED","N/A","N/A","BACKEND CONFIRMATION REQUIRED","BACKEND CONFIRMATION REQUIRED","Endpoints documented in Postman collections (metrics, summary, status), but base URL conflict exists (localhost:8082 vs adminServiceUrl) and live streaming protocol is undefined."
"BE-002","Story-1, Story 1.1.1, Story-1.8.4","Document Generation & Operational Report Export","PARTIAL","YES","PARTIAL","BACKEND CONFIRMATION REQUIRED","BACKEND CONFIRMATION REQUIRED","BACKEND CONFIRMATION REQUIRED","NO","NO","NO","BACKEND CONFIRMATION REQUIRED","N/A","BACKEND CONFIRMATION REQUIRED","BACKEND CONFIRMATION REQUIRED","Platform settings export endpoint exists in Postman collection; general dashboard KPI export and compliance PDF/Excel report export endpoints are not documented."
"BE-003","Story 1.1.2, Story 1.1.3, Story-1.7, Story-1.7.1 - 1.7.4","Platform & System Configuration Persistence","YES","PARTIAL","PARTIAL","YES","BACKEND CONFIRMATION REQUIRED","BACKEND CONFIRMATION REQUIRED","YES","YES","BACKEND CONFIRMATION REQUIRED","N/A","YES","BACKEND CONFIRMATION REQUIRED","BACKEND CONFIRMATION REQUIRED","Comprehensive CRUD endpoints documented in platform_settings_service_postman_collection.json; base URL resolution and localization/currency/timezone namespace confirmation needed."
"BE-004","Story-1.1.4, Story-1.2.3","Multi-Tenant White-Label Branding Asset & Theme Storage","PARTIAL","YES","PARTIAL","YES","BACKEND CONFIRMATION REQUIRED","YES","NO","PARTIAL","NO","N/A","N/A","BACKEND CONFIRMATION REQUIRED","BACKEND CONFIRMATION REQUIRED","GET /api/v1/branding is documented in Postman collection; asset upload (logo, favicon) and tenant mutation endpoints are not documented."
"BE-005","Story-1.1.5","Software License Lifecycle & Tier Quota Management","PARTIAL","YES","PARTIAL","YES","BACKEND CONFIRMATION REQUIRED","YES","NO","PARTIAL","NO","N/A","BACKEND CONFIRMATION REQUIRED","BACKEND CONFIRMATION REQUIRED","BACKEND CONFIRMATION REQUIRED","GET /api/v1/licenses is documented in Postman collection; license activation, renewal, tier modification, and quota validation endpoints are not documented."
"BE-006","Story-1.1.6","Dynamic Feature Flagging & Module Provisioning Service","PARTIAL","YES","PARTIAL","YES","BACKEND CONFIRMATION REQUIRED","YES","NO","PARTIAL","NO","N/A","BACKEND CONFIRMATION REQUIRED","BACKEND CONFIRMATION REQUIRED","BACKEND CONFIRMATION REQUIRED","GET /api/v1/features is documented in Postman collection; feature toggle mutations and tenant override endpoints are not documented."
"BE-007","Story-1.2, Story-1.2.1, Story-1.2.2","Multi-Tenant Account Lifecycle & Provisioning Engine","UNKNOWN","BACKEND CONFIRMATION REQUIRED","NO","BACKEND CONFIRMATION REQUIRED","BACKEND CONFIRMATION REQUIRED","BACKEND CONFIRMATION REQUIRED","NO","NO","NO","BACKEND CONFIRMATION REQUIRED","BACKEND CONFIRMATION REQUIRED","BACKEND CONFIRMATION REQUIRED","BACKEND CONFIRMATION REQUIRED","No tenant CRUD or provisioning endpoints documented in supplied Postman collections. Backend confirmation required."
"BE-008","Story-1.2.4","Tenant Database Environment Management & Connectivity","UNKNOWN","BACKEND CONFIRMATION REQUIRED","NO","BACKEND CONFIRMATION REQUIRED","BACKEND CONFIRMATION REQUIRED","BACKEND CONFIRMATION REQUIRED","NO","NO","NO","BACKEND CONFIRMATION REQUIRED","N/A","BACKEND CONFIRMATION REQUIRED","BACKEND CONFIRMATION REQUIRED","No endpoints documented for tenant database metadata, health checks, or connectivity testing. Backend confirmation required."
"BE-009","Story-1.2.5","Tenant Isolation Policy & Network Boundary Enforcement","UNKNOWN","BACKEND CONFIRMATION REQUIRED","NO","BACKEND CONFIRMATION REQUIRED","BACKEND CONFIRMATION REQUIRED","BACKEND CONFIRMATION REQUIRED","NO","NO","NO","N/A","N/A","BACKEND CONFIRMATION REQUIRED","BACKEND CONFIRMATION REQUIRED","No endpoints documented for tenant isolation configuration or IP whitelisting. Backend confirmation required."
"BE-010","Story-1.2.6","Tenant Backup & Disaster Recovery Operations","UNKNOWN","BACKEND CONFIRMATION REQUIRED","NO","BACKEND CONFIRMATION REQUIRED","BACKEND CONFIRMATION REQUIRED","BACKEND CONFIRMATION REQUIRED","NO","NO","NO","BACKEND CONFIRMATION REQUIRED","BACKEND CONFIRMATION REQUIRED","BACKEND CONFIRMATION REQUIRED","BACKEND CONFIRMATION REQUIRED","No endpoints documented for backup execution, backup schedules, download URLs, or restore jobs. Backend confirmation required."
"BE-011","Story-1.3, Story-1.3.1 - 1.3.6","Organizational Hierarchy Structure Persistence","UNKNOWN","BACKEND CONFIRMATION REQUIRED","NO","BACKEND CONFIRMATION REQUIRED","BACKEND CONFIRMATION REQUIRED","BACKEND CONFIRMATION REQUIRED","NO","NO","NO","N/A","BACKEND CONFIRMATION REQUIRED","BACKEND CONFIRMATION REQUIRED","BACKEND CONFIRMATION REQUIRED","No endpoints documented for companies, business units, departments, branches, cost centers, or locations. Backend confirmation required."
"BE-012","Story-1.4, Story-1.4.1, Story-1.4.3 - 1.4.5","User Directory Lifecycle & Profile Management","UNKNOWN","BACKEND CONFIRMATION REQUIRED","NO","BACKEND CONFIRMATION REQUIRED","BACKEND CONFIRMATION REQUIRED","BACKEND CONFIRMATION REQUIRED","NO","NO","NO","N/A","BACKEND CONFIRMATION REQUIRED","BACKEND CONFIRMATION REQUIRED","BACKEND CONFIRMATION REQUIRED","Auth registration endpoint exists in auth collection, but admin user directory CRUD, profile updates, and activation/deactivation are not documented."
"BE-013","Story-1.4.2, Story-1.4.6","Bulk User Ingestion & Batch Validation Processing","UNKNOWN","BACKEND CONFIRMATION REQUIRED","NO","BACKEND CONFIRMATION REQUIRED","BACKEND CONFIRMATION REQUIRED","BACKEND CONFIRMATION REQUIRED","NO","NO","NO","BACKEND CONFIRMATION REQUIRED","BACKEND CONFIRMATION REQUIRED","BACKEND CONFIRMATION REQUIRED","BACKEND CONFIRMATION REQUIRED","No endpoints documented for template download, CSV/Excel upload, validation progress, or failed record error reports. Backend confirmation required."
"BE-014","Story-1.5, Story-1.5.1 - 1.5.3","Role-Based Access Control (RBAC) & Authorization Policy Engine","UNKNOWN","BACKEND CONFIRMATION REQUIRED","NO","BACKEND CONFIRMATION REQUIRED","BACKEND CONFIRMATION REQUIRED","BACKEND CONFIRMATION REQUIRED","NO","NO","NO","N/A","BACKEND CONFIRMATION REQUIRED","BACKEND CONFIRMATION REQUIRED","BACKEND CONFIRMATION REQUIRED","No endpoints documented for role CRUD, permission matrix retrieval, or role assignment. Backend confirmation required."
"BE-015","Story-1.5.4, Story-1.5.5","Data Scope & Departmental Access Restriction Engine","UNKNOWN","BACKEND CONFIRMATION REQUIRED","NO","BACKEND CONFIRMATION REQUIRED","BACKEND CONFIRMATION REQUIRED","BACKEND CONFIRMATION REQUIRED","NO","NO","NO","N/A","BACKEND CONFIRMATION REQUIRED","BACKEND CONFIRMATION REQUIRED","BACKEND CONFIRMATION REQUIRED","No endpoints documented for data scoping or department permission boundaries. Backend confirmation required."
"BE-016","Story-1.6, Story-1.6.1","User Credential Authentication & Session Token Lifecycle","YES","PARTIAL","PARTIAL","YES","BACKEND CONFIRMATION REQUIRED","BACKEND CONFIRMATION REQUIRED","YES","YES","BACKEND CONFIRMATION REQUIRED","N/A","YES","BACKEND CONFIRMATION REQUIRED","BACKEND CONFIRMATION REQUIRED","POST /auth/login, POST /auth/register, POST /auth/refresh documented in super_admin_dashboard collection; logout endpoint and token claim specification require confirmation."
"BE-017","Story-1.6.2","Authentication Audit & Login History Tracking","UNKNOWN","BACKEND CONFIRMATION REQUIRED","NO","BACKEND CONFIRMATION REQUIRED","BACKEND CONFIRMATION REQUIRED","BACKEND CONFIRMATION REQUIRED","NO","NO","NO","N/A","N/A","BACKEND CONFIRMATION REQUIRED","BACKEND CONFIRMATION REQUIRED","No endpoints documented for login history retrieval, filtering, or export. Backend confirmation required."
"BE-018","Story-1.6.3","Enterprise Single Sign-On (SSO) Federation","UNKNOWN","BACKEND CONFIRMATION REQUIRED","NO","BACKEND CONFIRMATION REQUIRED","BACKEND CONFIRMATION REQUIRED","BACKEND CONFIRMATION REQUIRED","NO","NO","NO","BACKEND CONFIRMATION REQUIRED","BACKEND CONFIRMATION REQUIRED","BACKEND CONFIRMATION REQUIRED","BACKEND CONFIRMATION REQUIRED","No endpoints documented for SAML/OIDC identity provider configuration, metadata URLs, or connection testing. Backend confirmation required."
"BE-019","Story-1.6.4","OAuth 2.0 / OIDC Provider Integration & Client Configuration","UNKNOWN","BACKEND CONFIRMATION REQUIRED","NO","BACKEND CONFIRMATION REQUIRED","BACKEND CONFIRMATION REQUIRED","BACKEND CONFIRMATION REQUIRED","NO","NO","NO","N/A","BACKEND CONFIRMATION REQUIRED","BACKEND CONFIRMATION REQUIRED","BACKEND CONFIRMATION REQUIRED","No endpoints documented for OAuth provider registration, client credentials, or redirect URIs. Backend confirmation required."
"BE-020","Story-1.6.5","Multi-Factor Authentication (MFA) Verification","UNKNOWN","BACKEND CONFIRMATION REQUIRED","NO","BACKEND CONFIRMATION REQUIRED","BACKEND CONFIRMATION REQUIRED","BACKEND CONFIRMATION REQUIRED","NO","NO","NO","N/A","BACKEND CONFIRMATION REQUIRED","BACKEND CONFIRMATION REQUIRED","BACKEND CONFIRMATION REQUIRED","No endpoints documented for MFA secret provisioning, QR code generation, or verification code submission. Backend confirmation required."
"BE-021","Story-1.6.6","Password Policy Validation & History Enforcement","UNKNOWN","BACKEND CONFIRMATION REQUIRED","NO","BACKEND CONFIRMATION REQUIRED","BACKEND CONFIRMATION REQUIRED","BACKEND CONFIRMATION REQUIRED","NO","NO","NO","N/A","N/A","BACKEND CONFIRMATION REQUIRED","BACKEND CONFIRMATION REQUIRED","No endpoints documented for password policy retrieval or configuration updates. Backend confirmation required."
"BE-022","Story-1.6.7","Account Lockout & Failed Attempt Rate Limiting","UNKNOWN","BACKEND CONFIRMATION REQUIRED","NO","BACKEND CONFIRMATION REQUIRED","BACKEND CONFIRMATION REQUIRED","BACKEND CONFIRMATION REQUIRED","NO","NO","NO","N/A","BACKEND CONFIRMATION REQUIRED","BACKEND CONFIRMATION REQUIRED","BACKEND CONFIRMATION REQUIRED","No endpoints documented for lockout configuration or administrative unlock. Backend confirmation required."
"BE-023","Story-1.6.8","Security Threat Detection & Automated Alerting","UNKNOWN","BACKEND CONFIRMATION REQUIRED","NO","BACKEND CONFIRMATION REQUIRED","BACKEND CONFIRMATION REQUIRED","BACKEND CONFIRMATION REQUIRED","NO","NO","NO","N/A","BACKEND CONFIRMATION REQUIRED","BACKEND CONFIRMATION REQUIRED","BACKEND CONFIRMATION REQUIRED","No endpoints documented for security alert querying or status resolution. Backend confirmation required."
"BE-024","Story-1.6.9","Authorized Device Tracking & Remote Access Invalidation","UNKNOWN","BACKEND CONFIRMATION REQUIRED","NO","BACKEND CONFIRMATION REQUIRED","BACKEND CONFIRMATION REQUIRED","BACKEND CONFIRMATION REQUIRED","NO","NO","NO","N/A","BACKEND CONFIRMATION REQUIRED","BACKEND CONFIRMATION REQUIRED","BACKEND CONFIRMATION REQUIRED","No endpoints documented for device listing, trust state toggle, or remote session wipe. Backend confirmation required."
"BE-025","Story-1.6.10","Active Session Tracking & Remote Invalidation","UNKNOWN","BACKEND CONFIRMATION REQUIRED","NO","BACKEND CONFIRMATION REQUIRED","BACKEND CONFIRMATION REQUIRED","BACKEND CONFIRMATION REQUIRED","NO","NO","NO","N/A","BACKEND CONFIRMATION REQUIRED","BACKEND CONFIRMATION REQUIRED","BACKEND CONFIRMATION REQUIRED","No endpoints documented for active session querying or remote invalidation. Backend confirmation required."
"BE-026","Story-1.7.5","Outbound Email Transmission & SMTP Gateway Management","UNKNOWN","BACKEND CONFIRMATION REQUIRED","NO","BACKEND CONFIRMATION REQUIRED","BACKEND CONFIRMATION REQUIRED","BACKEND CONFIRMATION REQUIRED","NO","NO","NO","BACKEND CONFIRMATION REQUIRED","N/A","BACKEND CONFIRMATION REQUIRED","BACKEND CONFIRMATION REQUIRED","No endpoints documented for SMTP parameters or test email dispatch. Backend confirmation required."
"BE-027","Story-1.7.6","Outbound SMS Gateway Integration","UNKNOWN","BACKEND CONFIRMATION REQUIRED","NO","BACKEND CONFIRMATION REQUIRED","BACKEND CONFIRMATION REQUIRED","BACKEND CONFIRMATION REQUIRED","NO","NO","NO","BACKEND CONFIRMATION REQUIRED","N/A","BACKEND CONFIRMATION REQUIRED","BACKEND CONFIRMATION REQUIRED","No endpoints documented for SMS credentials or test SMS dispatch. Backend confirmation required."
"BE-028","Story-1.8, Story-1.8.1 - 1.8.3","Immutable Audit Logging & Historical Activity Ingestion","PARTIAL","YES","PARTIAL","YES","BACKEND CONFIRMATION REQUIRED","YES","NO","PARTIAL","NO","N/A","N/A","BACKEND CONFIRMATION REQUIRED","BACKEND CONFIRMATION REQUIRED","GET /api/v1/global-dashboard/recent-activities exists in Postman collection; full audit trail query, multi-field filtering, archiving, and export endpoints are not documented."
"BE-029","Story-1.2.5 (Prototype Inferred)","Customer-Managed Key (BYOK) Encryption Key Management","UNKNOWN","BACKEND CONFIRMATION REQUIRED","NO","BACKEND CONFIRMATION REQUIRED","BACKEND CONFIRMATION REQUIRED","BACKEND CONFIRMATION REQUIRED","NO","NO","NO","N/A","N/A","BACKEND CONFIRMATION REQUIRED","NEEDS SOURCE CONFIRMATION","Inferred from reference prototype UI (TenantDetails.tsx); absent from official wireframe Story-1.2.5. Requires architecture confirmation before backend implementation."