ID,Story,Capability,Backend Responsibility,Frontend Dependency,Source,Status
"BE-001","Story-1, Story 1.1.1","Real-Time Platform Telemetry & System Metrics","Provide current platform CPU, memory, server health, API response, active subscriptions, and online user metrics for dashboard display.","SuperAdminDashboard, GlobalDashboard, MonitoringDashboard","JAVA-SUITE-WIREFRAMES.md lines 16-118, 290-388","NOT YET DEFINED"
"BE-002","Story-1, Story 1.1.1, Story-1.8.4","Document Generation & Operational Report Export","Generate and deliver exportable reports in PDF, XLSX, and CSV formats based on current dashboard KPIs, audit logs, and compliance records.","Dashboard Export dialog, ComplianceReports","JAVA-SUITE-WIREFRAMES.md lines 50-80, 5820-5880","NOT YET DEFINED"
"BE-003","Story 1.1.2, Story 1.1.3, Story-1.7, Story-1.7.1 - 1.7.4","Platform & System Configuration Persistence","Provide persistence, retrieval, and dynamic updating of system-wide settings, localization preferences, default currencies, and time zones across all tenant environments.","PlatformConfiguration, GlobalSettings, SystemConfigDashboard, GeneralSettings, Localization, Currency, TimeZone","JAVA-SUITE-WIREFRAMES.md lines 400-580, 4800-5150","NOT YET DEFINED"
"BE-004","Story-1.1.4, Story-1.2.3","Multi-Tenant White-Label Branding Asset & Theme Storage","Accept, store, and serve customized branding assets (platform logo, favicon, corporate brand hex colors, portal titles) per tenant and platform-wide.","PlatformBranding, TenantDetails (Branding tab)","JAVA-SUITE-WIREFRAMES.md lines 600-680, 1100-1180","NOT YET DEFINED"
"BE-005","Story-1.1.5","Software License Lifecycle & Tier Quota Management","Track software license keys, manage license tier assignments, validate user seat allocations, handle renewal dates, and enforce active/expired license states.","LicenseManagement","JAVA-SUITE-WIREFRAMES.md lines 700-800","NOT YET DEFINED"
"BE-006","Story-1.1.6","Dynamic Feature Flagging & Module Provisioning Service","Manage feature enablement status, toggle application module access per tenant or system-wide, and enforce feature access restrictions at runtime.","FeatureManagement","JAVA-SUITE-WIREFRAMES.md lines 820-920","NOT YET DEFINED"
"BE-007","Story-1.2, Story-1.2.1, Story-1.2.2","Multi-Tenant Account Lifecycle & Provisioning Engine","Process new tenant onboarding, domain/subdomain assignment, administrative contact creation, subscription tier assignment, and status transitions (Active/Suspended/Terminated).","TenantManagement, Create Tenant modal, TenantDetails","JAVA-SUITE-WIREFRAMES.md lines 940-1080","NOT YET DEFINED"
"BE-008","Story-1.2.4","Tenant Database Environment Management & Connectivity","Manage tenant database configuration metadata, test database connectivity, monitor storage allocation and health, and support maintenance window scheduling.","TenantDetails (Database tab)","JAVA-SUITE-WIREFRAMES.md lines 1190-1280","NOT YET DEFINED"
"BE-009","Story-1.2.5","Tenant Isolation Policy & Network Boundary Enforcement","Configure and enforce tenant isolation settings across database access, dedicated storage allocation toggles, network access policies, and IP whitelisting rules.","TenantDetails (Isolation tab)","JAVA-SUITE-WIREFRAMES.md lines 1290-1380","NOT YET DEFINED"
"BE-010","Story-1.2.6","Tenant Backup & Disaster Recovery Operations","Execute on-demand tenant database backups, manage automated backup schedules, verify snapshot integrity, provide backup downloads, and perform point-in-time restores.","TenantDetails (Backup tab)","JAVA-SUITE-WIREFRAMES.md lines 1400-1490","NOT YET DEFINED"
"BE-011","Story-1.3, Story-1.3.1 - 1.3.6","Organizational Hierarchy Structure Persistence","Maintain relational organizational entities including parent companies, business units, departments, branches, cost centers, and office locations with structural integrity validation.","OrganizationManagement, CompanySetup, BusinessUnits, Departments, Branches, CostCenters, Locations","JAVA-SUITE-WIREFRAMES.md lines 1500-2300","NOT YET DEFINED"
"BE-012","Story-1.4, Story-1.4.1, Story-1.4.3 - 1.4.5","User Directory Lifecycle & Profile Management","Manage user accounts through full lifecycle: registration, profile attribute updates, role assignments, department associations, status changes (Active/Inactive), and password resets.","UserManagement, UserDetails, Create User modal","JAVA-SUITE-WIREFRAMES.md lines 2320-2500, 2600-2850","NOT YET DEFINED"
"BE-013","Story-1.4.2, Story-1.4.6","Bulk User Ingestion & Batch Validation Processing","Provide downloadable user import templates (CSV/Excel), validate uploaded records for schema compliance and duplicate detection, execute batch user creation, and provide error reports for failed records.","UserManagement (Bulk Upload modal)","JAVA-SUITE-WIREFRAMES.md lines 2510-2600, 2870-2950","NOT YET DEFINED"
"BE-014","Story-1.5, Story-1.5.1 - 1.5.3","Role-Based Access Control (RBAC) & Authorization Policy Engine","Manage custom and system roles, define fine-grained permission entitlement matrices, assign roles to users, and evaluate authorization policies on all operations.","RoleManagement, PermissionManagement, AdminAccessMatrix","JAVA-SUITE-WIREFRAMES.md lines 2970-3450","NOT YET DEFINED"
"BE-015","Story-1.5.4, Story-1.5.5","Data Scope & Departmental Access Restriction Engine","Enforce boundaries on record access and operational capabilities based on assigned organizational hierarchy, business units, departments, and branches.","DataPermissions, DepartmentPermissions, ActionBoundaryBar","JAVA-SUITE-WIREFRAMES.md lines 3470-3750","NOT YET DEFINED"
"BE-016","Story-1.6, Story-1.6.1","User Credential Authentication & Session Token Lifecycle","Authenticate user credentials, generate and validate secure session tokens (JWT required per wireframe Security Handling), handle remember me options, enforce session timeout, and execute logout invalidation.","LoginPage, AuthContext","JAVA-SUITE-WIREFRAMES.md lines 3770-3920","NOT YET DEFINED"
"BE-017","Story-1.6.2","Authentication Audit & Login History Tracking","Log every authentication attempt with timestamp, IP address, user identifier, browser/device information, execution status (success/failure), and provide search/export capabilities.","LoginHistory","JAVA-SUITE-WIREFRAMES.md lines 3930-4010","NOT YET DEFINED"
"BE-018","Story-1.6.3","Enterprise Single Sign-On (SSO) Federation","Support federated identity integration via standard protocols (SAML 2.0 / OIDC), manage identity provider metadata, entity IDs, certificates, and test federation connectivity.","SSOConfiguration","JAVA-SUITE-WIREFRAMES.md lines 4020-4060","NOT YET DEFINED"
"BE-019","Story-1.6.4","OAuth 2.0 / OIDC Provider Integration & Client Configuration","Register and manage external OAuth 2.0 / OIDC identity providers, client credentials (Client ID, Client Secret), authorization endpoints, token endpoints, and redirect URIs.","OAuthConfiguration","JAVA-SUITE-WIREFRAMES.md lines 4070-4150","NOT YET DEFINED"
"BE-020","Story-1.6.5","Multi-Factor Authentication (MFA) Verification","Support multi-factor authentication methods (Authenticator App / TOTP, SMS, Email), generate setup secrets and QR codes, validate time-based verification codes, and enforce step-up policy.","MFAConfiguration","JAVA-SUITE-WIREFRAMES.md lines 4160-4280","NOT YET DEFINED"
"BE-021","Story-1.6.6","Password Policy Validation & History Enforcement","Configure and enforce password complexity rules (length, case, numbers, special characters), expiration cycles, and prevent reuse of previous passwords against historical records.","PasswordPolicy","JAVA-SUITE-WIREFRAMES.md lines 4290-4380","NOT YET DEFINED"
"BE-022","Story-1.6.7","Account Lockout & Failed Attempt Rate Limiting","Track consecutive failed authentication attempts, automatically lock accounts exceeding threshold, enforce lockout duration timers, and support administrative unlock operations.","AccountLockout","JAVA-SUITE-WIREFRAMES.md lines 4390-4480","NOT YET DEFINED"
"BE-023","Story-1.6.8","Security Threat Detection & Automated Alerting","Ingest and evaluate security events (multiple failed logins, unauthorized access attempts, suspicious IP activity), classify alert severity, dispatch notifications, and manage alert resolution.","SecurityAlerts","JAVA-SUITE-WIREFRAMES.md lines 4490-4580","NOT YET DEFINED"
"BE-024","Story-1.6.9","Authorized Device Tracking & Remote Access Invalidation","Track user devices, capture device details (type, operating system, browser, IP), manage device approval/trust status, and support remote revocation of device access.","DeviceManagement","JAVA-SUITE-WIREFRAMES.md lines 4590-4680","NOT YET DEFINED"
"BE-025","Story-1.6.10","Active Session Tracking & Remote Invalidation","Monitor currently active user sessions system-wide (user, IP, login time, last active time, device), enforce concurrent session limits, and support individual or bulk session termination.","SessionManagement","JAVA-SUITE-WIREFRAMES.md lines 4690-4790","NOT YET DEFINED"
"BE-026","Story-1.7.5","Outbound Email Transmission & SMTP Gateway Management","Store and test SMTP gateway connection parameters (host, port, credentials, SSL/TLS encryption), dispatch test emails, and transmit transactional platform notifications.","EmailConfiguration","JAVA-SUITE-WIREFRAMES.md lines 5160-5250","NOT YET DEFINED"
"BE-027","Story-1.7.6","Outbound SMS Gateway Integration","Store SMS provider configuration credentials, sender IDs, test SMS transmission, and route security verification codes and critical alerts.","SMSConfiguration","JAVA-SUITE-WIREFRAMES.md lines 5260-5350","NOT YET DEFINED"
"BE-028","Story-1.8, Story-1.8.1 - 1.8.3","Immutable Audit Logging & Historical Activity Ingestion","Ingest audit and activity logs across all modules (user, action, timestamp, IP, status), provide multi-criteria search and filtering, export logs, and maintain immutable log integrity.","AuditDashboard, AuditLogs, ActivityLogs, SecurityLogs","JAVA-SUITE-WIREFRAMES.md lines 5370-5800","NOT YET DEFINED"
"BE-029","Story-1.2.5 (Prototype Inferred)","Customer-Managed Key (BYOK) Encryption Key Management","Manage customer-provided encryption key identifiers, validate key accessibility, and support key rotation workflows for tenant storage.","TenantDetails (Isolation tab, BYOK form)","Inferred from reference prototype UI (TenantDetails.tsx); not explicitly present in official wireframe Story-1.2.5","NEEDS SOURCE CONFIRMATION"