Story,Title,Wireframe Requirements,Reference Implementation,UI Status,Backend/API Status,Overall Status,Evidence,Gap / Missing Items
"Story-1","Platform Administration","Central control panel for Super Administrators to monitor platform health, performance, security, and operations. Real-time metrics: registered users, active users, online users, organizations, active subscriptions, server health, API status, DB status, storage utilization, CPU & memory usage, recent login activities, security alerts. Quick navigation cards to administrative modules. Actions: Refresh dashboard, Export dashboard report.","src/pages/platform/SuperAdminDashboard.tsx, src/pages/platform/GlobalDashboard.tsx, src/pages/monitoring/MonitoringDashboard.tsx (Routes: /console, /platform/global-dashboard, /monitoring)","Partially Implemented","Mock / Static Data","Partially Implemented","JAVA-SUITE-WIREFRAMES.md lines 16-118 (Story-1) | src/pages/platform/SuperAdminDashboard.tsx lines 20-150; src/pages/monitoring/MonitoringDashboard.tsx lines 30-180","UI: Consolidated real-time CPU/memory utilization meters, active online user sessions counter, and unified Export Dashboard Report action on primary console. | Backend: No live telemetry WebSocket/REST streaming, real-time KPI aggregation service, or PDF/CSV export engine."
"Story-1.1","Super Admin Management","Central administrative management hub for Super Administrator services: Platform Configuration, Global Settings, Platform Branding, License Management, Feature Management, administrative logs, global notifications. Actions: Configure, Edit, Manage, View Logs.","src/components/layout/Sidebar.tsx, src/pages/platform/SuperAdminDashboard.tsx (Routes: /console, Sidebar Platform group)","Partially Implemented","Mock / Static Data","Partially Implemented","JAVA-SUITE-WIREFRAMES.md lines 120-220 (Story-1.1) | src/components/layout/Sidebar.tsx lines 40-120; src/pages/platform/SuperAdminDashboard.tsx lines 35-90","UI: Dedicated standalone hub screen with module configuration status indicators as an explicit landing page (currently distributed across sidebar and console). | Backend: No centralized platform service configuration registry."
"Story 1.1.1","Global Dashboard","Cross-tenant operational overview across regions: Global tenant count, active users count, system uptime percentage, total subscriptions, regional distribution map/cards, incident alerts widget, quick action buttons (Refresh, View Detailed Reports).","src/pages/platform/GlobalDashboard.tsx (Route: /platform/global-dashboard)","Fully Implemented","Mock / Static Data","Partially Implemented","JAVA-SUITE-WIREFRAMES.md lines 222-282 (Story 1.1.1) | src/pages/platform/GlobalDashboard.tsx lines 1-180","UI: Interactive geographic vector world map visualization (currently regional statistics cards). | Backend: No live aggregated cross-tenant metric stream or time-series data aggregation API."
"Story 1.1.2","Platform Configuration","Platform operational parameters: Environment mode selector (Production, Staging, Dev), maintenance mode toggle with schedule, debug logging toggle, session timeout slider, API rate limiting thresholds, versioning controls. Actions: Save Configuration, Reset to Default.","src/pages/platform/PlatformConfiguration.tsx (Route: /platform/configuration)","Fully Implemented","Mock / Static Data","Partially Implemented","JAVA-SUITE-WIREFRAMES.md lines 284-338 (Story 1.1.2) | src/pages/platform/PlatformConfiguration.tsx lines 1-150","UI: None (all wireframe controls present). | Backend: No persistence to backend configuration store, no runtime application of rate limiting or maintenance mode middleware."
"Story 1.1.3","Global Settings","Platform-wide default parameters: Platform Name, Support Contact Email, Default Timezone, Default Currency, Default Language, System Announcement Banner, notification dispatch defaults. Actions: Save Changes, Cancel.","src/pages/platform/GlobalSettings.tsx (Route: /platform/settings)","Fully Implemented","Mock / Static Data","Partially Implemented","JAVA-SUITE-WIREFRAMES.md lines 340-452 (Story 1.1.3) | src/pages/platform/GlobalSettings.tsx lines 1-140","UI: None. | Backend: No backend configuration storage or distributed configuration update broadcast."
"Story-1.1.4","Platform Branding","White-label visual identity for platform: Platform Logo upload, Favicon upload, brand primary/secondary color pickers, login page background image upload, portal title, footer copyright text. Live preview pane, Save Branding, Reset to Default.","src/pages/platform/PlatformBranding.tsx (Route: /platform/branding)","Fully Implemented","Mock / Static Data","Partially Implemented","JAVA-SUITE-WIREFRAMES.md lines 454-562 (Story-1.1.4) | src/pages/platform/PlatformBranding.tsx lines 1-160","UI: None. | Backend: No cloud storage asset upload (S3/GCS) or dynamic CSS theme variable injection across sessions."
"Story-1.1.5","License Management","License tier tracking, quotas, and subscription keys: Tier summary cards (Active, Expiring Soon, Total Seats), License table (Key, Tenant, Tier, Max Users, Start Date, Expiry Date, Status), Add License modal, Edit Quota, Renew License, Revoke/Suspend License, Export report.","src/pages/platform/LicenseManagement.tsx (Route: /platform/licenses)","Fully Implemented","Mock / Static Data","Partially Implemented","JAVA-SUITE-WIREFRAMES.md lines 564-666 (Story-1.1.5) | src/pages/platform/LicenseManagement.tsx lines 1-280","UI: None. | Backend: No cryptographic license key verification, automated expiration scheduler, or billing gateway synchronization."
"Story-1.1.6","Feature Management","Feature flag governance and tier availability: Feature list/table (Name, Module, Tier Availability, Global Enable/Disable toggle, Tenant Override capability), Search feature, Filter by module, Add Feature modal, Save Changes.","src/pages/platform/FeatureManagement.tsx (Route: /platform/features)","Fully Implemented","Mock / Static Data","Partially Implemented","JAVA-SUITE-WIREFRAMES.md lines 668-766 (Story-1.1.6) | src/pages/platform/FeatureManagement.tsx lines 1-260","UI: None. | Backend: No runtime feature flag evaluation service or tenant entitlement enforcement interceptor."
"Story-1.2","Tenant Management","Centralized tenant directory: Search, Filter by status/tier, Table (Tenant ID, Name, Domain, Tier, Users count, Status, Created Date, Actions: View, Edit, Deactivate, Delete), Pagination, Export Tenants, Add Tenant button.","src/pages/tenants/TenantManagement.tsx (Route: /tenants)","Fully Implemented","Mock / Static Data","Partially Implemented","JAVA-SUITE-WIREFRAMES.md lines 768-870 (Story-1.2) | src/pages/tenants/TenantManagement.tsx lines 1-280","UI: Server-side pagination and sorting controls (currently client-side array filtering). | Backend: No multi-tenant provisioning orchestration engine or database schema generator."
"Story-1.2.1","Create Tenant","Tenant onboarding form: Organization name, tenant code, domain name, tier selection (Starter, Pro, Enterprise), primary admin contact (Name, Email, Phone), data region selector, database isolation strategy (Shared, Isolated Schema, Dedicated DB), Save / Submit, Cancel. Validation: Unique tenant code, email format, domain format.","src/pages/tenants/TenantManagement.tsx (Add Tenant Modal)","Fully Implemented","Mock / Static Data","Partially Implemented","JAVA-SUITE-WIREFRAMES.md lines 872-980 (Story-1.2.1) | src/pages/tenants/TenantManagement.tsx lines 60-140","UI: Asynchronous unique domain / code availability validation indicator. | Backend: No automated tenant container creation, database schema creation, or default admin invite email dispatch."
"Story-1.2.2","Tenant Configuration","Tenant-specific operational settings: Maximum user quota, storage quota limit, allowed modules selection, session timeout, custom domain setup, SSO enablement toggle. Save Configuration, Reset.","src/pages/tenants/TenantDetails.tsx (Route: /tenants/:id, Tab: config)","Fully Implemented","Mock / Static Data","Partially Implemented","JAVA-SUITE-WIREFRAMES.md lines 982-1084 (Story-1.2.2) | src/pages/tenants/TenantDetails.tsx lines 80-160","UI: None. | Backend: No quota enforcement service or dynamic DNS custom domain validation."
"Story-1.2.3","Tenant Branding","White-label branding per tenant: Logo upload, favicon upload, custom color scheme (primary, secondary), portal banner text, email header branding. Live preview pane, Save Branding, Reset to Default.","src/pages/tenants/TenantDetails.tsx (Route: /tenants/:id, Tab: branding)","Fully Implemented","Mock / Static Data","Partially Implemented","JAVA-SUITE-WIREFRAMES.md lines 1086-1190 (Story-1.2.3) | src/pages/tenants/TenantDetails.tsx lines 200-280","UI: None. | Backend: No tenant-specific asset CDN upload or scoped CSS theme serving."
"Story-1.2.4","Tenant Database","Database provisioning details for tenant: Database name, host endpoint, connection pool size, active connections count, storage consumed, schema version, test connection button, rotate credentials.","src/pages/tenants/TenantDetails.tsx (Route: /tenants/:id, Tab: database)","Fully Implemented","Mock / Static Data","Partially Implemented","JAVA-SUITE-WIREFRAMES.md lines 1192-1290 (Story-1.2.4) | src/pages/tenants/TenantDetails.tsx lines 120-190","UI: Interactive credential rotation modal. | Backend: No database connection pooling telemetry or schema migration runner."
"Story-1.2.5","Tenant Isolation","Configure and monitor data isolation policies: Isolation level (Shared DB, Isolated Schema, Dedicated Database), encryption key management (BYOK / KMS integration), network access allowlist (CIDR blocks), cross-tenant leak prevention status.","src/pages/tenants/TenantDetails.tsx (Route: /tenants/:id, Tab: database, Isolation panel)","Partially Implemented","Mock / Static Data","Partially Implemented","JAVA-SUITE-WIREFRAMES.md lines 1292-1390 (Story-1.2.5) | src/pages/tenants/TenantDetails.tsx lines 150-195","UI: Customer-managed key (BYOK) ARN input form and CIDR network allowlist table. | Backend: No AWS KMS/Vault key integration or network policy enforcement."
"Story-1.2.6","Tenant Backup","Backup operations for tenant: Backup schedule (Daily, Weekly, Monthly), retention period, manual snapshot trigger button, backup history table (ID, Timestamp, Size, Type: Full/Incremental, Status, Download link, Restore button).","src/pages/tenants/TenantDetails.tsx (Route: /tenants/:id, Tab: backup)","Fully Implemented","Mock / Static Data","Partially Implemented","JAVA-SUITE-WIREFRAMES.md lines 1392-1490 (Story-1.2.6) | src/pages/tenants/TenantDetails.tsx lines 240-310","UI: None. | Backend: No physical database backup dump, cloud storage upload (S3/GCS), or point-in-time recovery pipeline."
"Story-1.3","Organization Management","Dashboard overview of registered organizations and hierarchy (Companies, Business Units, Departments, Branches, Cost Centers, Locations). Hierarchy visualization, summary metrics, quick actions to add organizational entities.","src/pages/organization/OrganizationManagement.tsx, src/pages/educational/AdministrationHierarchyMap.tsx (Routes: /organization, /admin/hierarchy-map)","Fully Implemented","Mock / Static Data","Partially Implemented","JAVA-SUITE-WIREFRAMES.md lines 1492-1594 (Story-1.3) | src/pages/organization/OrganizationManagement.tsx lines 1-67; src/pages/educational/AdministrationHierarchyMap.tsx lines 1-180","UI: None (summary cards and interactive organizational hierarchy tree are implemented). | Backend: No hierarchical organizational tree query or recursive aggregation service."
"Story-1.3.1","Company Setup","Register and maintain company information: Legal Company Name, Registration Number, Tax ID / VAT Number, Registered Office Address, Phone, Email, Currency, Fiscal Year Start/End, Upload Incorporation Documents. Actions: Save, Edit, View.","src/pages/organization/CompanySetup.tsx (Route: /organization/company-setup)","Fully Implemented","Mock / Static Data","Partially Implemented","JAVA-SUITE-WIREFRAMES.md lines 1596-1714 (Story-1.3.1) | src/pages/organization/CompanySetup.tsx lines 1-201","UI: Document file upload attachment table for incorporation certificates. | Backend: No corporate entity persistence or tax ID validation service."
"Story-1.3.2","Business Units","Create, update, and manage business units: Unit Name, Code, Description, Head of BU, Associated Company, Status (Active/Inactive). Actions: Create BU, Edit, Deactivate, Delete, Search, Filter.","src/pages/organization/BusinessUnits.tsx (Route: /organization/business-units)","Fully Implemented","Mock / Static Data","Partially Implemented","JAVA-SUITE-WIREFRAMES.md lines 1716-1820 (Story-1.3.2) | src/pages/organization/BusinessUnits.tsx lines 1-116","UI: Dedicated Add/Edit BU modal dialog. | Backend: No business unit CRUD persistence service."
"Story-1.3.3","Departments","Create and maintain department info: Department Name, Department Code, Parent Unit / BU, Department Head, Budget Allocation, Staff Count, Status. Actions: Add Department, Edit, Deactivate, Delete, Search, Export.","src/pages/organization/Departments.tsx (Route: /organization/departments)","Fully Implemented","Mock / Static Data","Partially Implemented","JAVA-SUITE-WIREFRAMES.md lines 1822-1922 (Story-1.3.3) | src/pages/organization/Departments.tsx lines 1-409","UI: None. | Backend: No department entity service or headcount auto-reconciliation."
"Story-1.3.4","Branches","Register and maintain branch info: Branch Name, Code, Type (Headquarters, Regional, Satellite), Address, City, Country, Branch Manager, Contact Phone, Operating Hours, Status. Actions: Add Branch, Edit, Deactivate, Delete, Search, Filter.","src/pages/organization/Branches.tsx (Route: /organization/branches)","Fully Implemented","Mock / Static Data","Partially Implemented","JAVA-SUITE-WIREFRAMES.md lines 1924-2038 (Story-1.3.4) | src/pages/organization/Branches.tsx lines 1-398","UI: None. | Backend: No branch management service or operating hours schedule validator."
"Story-1.3.5","Cost Centers","Create and maintain cost centers for financial tracking: Cost Center Code, Name, Department, Responsible Manager, Allocated Budget, Currency, Status. Actions: Add Cost Center, Edit, Deactivate, Delete, Search, Filter.","src/pages/organization/CostCenters.tsx (Route: /organization/cost-centers)","Fully Implemented","Mock / Static Data","Partially Implemented","JAVA-SUITE-WIREFRAMES.md lines 2040-2144 (Story-1.3.5) | src/pages/organization/CostCenters.tsx lines 1-96","UI: Dedicated Add / Edit Cost Center dialog. | Backend: No financial ledger integration or budget balance calculator."
"Story-1.3.6","Locations","Create and manage physical facilities and geographical sites: Location Name, Code, Facility Type (Office, Warehouse, Data Center), Street Address, City, State/Province, Postal Code, Country, Timezone, Geolocation (Lat/Long), Status. Actions: Add Location, Edit, Deactivate, Delete, Search.","src/pages/organization/Locations.tsx (Route: /organization/locations)","Fully Implemented","Mock / Static Data","Partially Implemented","JAVA-SUITE-WIREFRAMES.md lines 2146-2262 (Story-1.3.6) | src/pages/organization/Locations.tsx lines 1-404","UI: None. | Backend: No geolocation verification service or address validation API."
"Story-1.4","User Management","Complete user lifecycle management: Search, filter by status/role/department, Directory table (User ID, Avatar, Name, Email, Role, Department, Status, Last Login, Actions), Register User button, Import Users, Export Users.","src/pages/users/UserManagement.tsx (Route: /users)","Fully Implemented","Mock / Static Data","Partially Implemented","JAVA-SUITE-WIREFRAMES.md lines 2264-2382 (Story-1.4) | src/pages/users/UserManagement.tsx lines 1-320","UI: Server-side pagination and column sorting controls. | Backend: No user directory database repository, password hash generation, or SCIM/LDAP directory synchronization."
"Story-1.4.1","User Registration","Structured interface for creating new user accounts: First Name, Last Name, Email Address, Employee ID, Role assignment, Department, Reporting Manager, Temporary Password generation, Send Welcome Email checkbox, Save / Create User, Cancel.","src/pages/users/UserManagement.tsx (Register User Modal)","Fully Implemented","Mock / Static Data","Partially Implemented","JAVA-SUITE-WIREFRAMES.md lines 2384-2506 (Story-1.4.1) | src/pages/users/UserManagement.tsx lines 65-120, lines 340-410","UI: Reporting manager lookup dropdown and automated password generator button. | Backend: No SMTP welcome email dispatch or initial credential token generation."
"Story-1.4.2","User Import","Bulk user upload interface: Download CSV template, File dropzone (CSV / XLSX), Column mapping preview, Validation summary (Valid rows, Invalid rows, Duplicate emails), Proceed with Import button, Cancel.","src/pages/users/UserManagement.tsx (CSV / Bulk Import Modal)","Fully Implemented","Mock / Static Data","Partially Implemented","JAVA-SUITE-WIREFRAMES.md lines 2508-2608 (Story-1.4.2) | src/pages/users/UserManagement.tsx lines 430-475","UI: Multi-step column mapping wizard with CSV row error preview grid. | Backend: No asynchronous batch CSV parsing worker, schema validator, or bulk insert transaction."
"Story-1.4.3","User Profile","Consolidated view of user information: Personal details, Employment information, Assigned Roles & Permissions, Active Sessions, Security settings (MFA status), Activity history, Edit Profile, Reset Password, Deactivate.","src/pages/users/UserDetails.tsx (Route: /users/:id)","Fully Implemented","Mock / Static Data","Partially Implemented","JAVA-SUITE-WIREFRAMES.md lines 2610-2726 (Story-1.4.3) | src/pages/users/UserDetails.tsx lines 1-280","UI: None. | Backend: No user profile update API or password reset email trigger."
"Story-1.4.4","User Activation","Review pending/inactive accounts, verify registration details, activate account, assign initial permissions, trigger activation notification email.","src/pages/users/UserManagement.tsx (Row action Activate & Modal), src/pages/users/UserDetails.tsx","Fully Implemented","Mock / Static Data","Partially Implemented","JAVA-SUITE-WIREFRAMES.md lines 2728-2830 (Story-1.4.4) | src/pages/users/UserManagement.tsx lines 110-140; src/pages/users/UserDetails.tsx lines 60-90","UI: None. | Backend: No account activation lifecycle state transition or welcome email trigger."
"Story-1.4.5","User Deactivation","Centralized interface to search active users, select deactivation reason (Resignation, Termination, Security Policy Violation), schedule deactivation date / immediate, terminate active sessions immediately toggle, reassign pending tasks/ownership.","src/pages/users/UserManagement.tsx (Row action Deactivate & ActionConfirmModal), src/pages/users/UserDetails.tsx","Fully Implemented","Mock / Static Data","Partially Implemented","JAVA-SUITE-WIREFRAMES.md lines 2832-2932 (Story-1.4.5) | src/pages/users/UserManagement.tsx lines 125-155; src/pages/users/UserDetails.tsx lines 85-115","UI: Task reassignment modal and future deactivation date scheduler. | Backend: No session invalidation broadcast or OAuth token revocation."
"Story-1.4.6","Bulk User Upload","Specialized bulk upload screen: Download sample template, upload file, preview parsing results, handle validation errors, display progress bar during import, summary of imported vs failed rows.","src/pages/users/UserManagement.tsx (CSV / Bulk Import Reference Modal)","Fully Implemented","Mock / Static Data","Partially Implemented","JAVA-SUITE-WIREFRAMES.md lines 2934-3040 (Story-1.4.6) | src/pages/users/UserManagement.tsx lines 430-475","UI: Live import progress bar and downloadable error report for failed rows. | Backend: No asynchronous streaming bulk ingestion processor."
"Story-1.5","Role & Permission Management","Comprehensive role governance dashboard: Summary cards (Total Roles, Total Permissions, Custom Roles), Quick links to Roles, Permissions, RBAC Matrix, Data Permissions, Department Permissions.","src/pages/roles/RoleManagement.tsx, src/pages/educational/AdminAccessMatrix.tsx (Routes: /roles, /admin/access-matrix)","Fully Implemented","Mock / Static Data","Partially Implemented","JAVA-SUITE-WIREFRAMES.md lines 3042-3152 (Story-1.5) | src/pages/roles/RoleManagement.tsx lines 1-120; src/pages/educational/AdminAccessMatrix.tsx lines 1-150","UI: None. | Backend: No role evaluation engine or permission cache management service."
"Story-1.5.1","Roles","Centralized interface to create, edit, clone, activate, deactivate, and delete roles: Role Name, Code, Description, Role Type (System, Custom), Assigned Users count, Status. Actions: Create Role modal, Clone Role, Edit, Delete, Assign Users.","src/pages/roles/RoleManagement.tsx (Route: /roles)","Fully Implemented","Mock / Static Data","Partially Implemented","JAVA-SUITE-WIREFRAMES.md lines 3154-3260 (Story-1.5.1) | src/pages/roles/RoleManagement.tsx lines 80-280","UI: None. | Backend: No role persistence API or role deletion cascading validation."
"Story-1.5.2","Permissions","Viewing, creating, and managing system permissions: Permission Name, Code, Module / Category, Action Type (Create, Read, Update, Delete, Approve, Export, Import, Print), Description, Associated Roles. Actions: Add Permission, Edit, Filter by Module.","src/pages/roles/PermissionManagement.tsx (Route: /permissions)","Fully Implemented","Mock / Static Data","Partially Implemented","JAVA-SUITE-WIREFRAMES.md lines 3262-3368 (Story-1.5.2) | src/pages/roles/PermissionManagement.tsx lines 1-280","UI: None. | Backend: No permission catalog database or security interceptor registration."
"Story-1.5.3","RBAC (Role-Based Access Control)","Matrix interface mapping roles to permissions: Cross-tabulation grid (Roles as columns or rows, Resources and CRUD actions as matrix cells), Checkbox toggles for permission grant/deny, Bulk grant by module, Save RBAC Matrix.","src/pages/educational/AdminAccessMatrix.tsx, src/components/ui/ActionBoundaryBar.tsx (Route: /admin/access-matrix)","Fully Implemented","Mock / Static Data","Partially Implemented","JAVA-SUITE-WIREFRAMES.md lines 3370-3472 (Story-1.5.3) | src/pages/educational/AdminAccessMatrix.tsx lines 1-260; src/components/ui/ActionBoundaryBar.tsx lines 1-180","UI: Interactive cell-level toggle checkboxes for editing the matrix (currently educational reference visualization). | Backend: No runtime RBAC decision engine or role-permission mapping table updates."
"Story-1.5.4","Data Permissions","Configure row-level and scope-level data access rules: Select Role, Select Entity (e.g. Orders, Employees, Invoices), Define Data Scope (All Records / Global, Tenant Only, Department Only, Subordinates Only, Self Only), Condition builder (attribute = value), Save Data Rule.","src/pages/roles/DataPermissions.tsx (Route: /roles/data-permissions)","Fully Implemented","Mock / Static Data","Partially Implemented","JAVA-SUITE-WIREFRAMES.md lines 3474-3580 (Story-1.5.4) | src/pages/roles/DataPermissions.tsx lines 1-260","UI: Dynamic visual SQL/filter condition builder. | Backend: No AST query rewriter or Hibernate/JPA multi-tenant row-level filter injection."
"Story-1.5.5","Department permissions","Configure access policies scoped by department: Select Role, Select Target Department, Grant/Restrict access levels (Full, Read-Only, None), Inherit to Sub-departments toggle, Save Policy.","src/pages/roles/DepartmentPermissions.tsx (Route: /roles/department-permissions)","Fully Implemented","Mock / Static Data","Partially Implemented","JAVA-SUITE-WIREFRAMES.md lines 3582-3684 (Story-1.5.5) | src/pages/roles/DepartmentPermissions.tsx lines 1-240","UI: Sub-department inheritance tree selector. | Backend: No departmental access control filter enforcement in API security layer."
"Story-1.6","Authentication & Security","Dashboard displaying authentication metrics, recent security events, login statistics, active sessions, lockouts, quick access to security configurations.","src/pages/security/SecurityDashboard.tsx (Route: /security)","Fully Implemented","Mock / Static Data","Partially Implemented","JAVA-SUITE-WIREFRAMES.md lines 3686-3776 (Story-1.6) | src/pages/security/SecurityDashboard.tsx lines 1-87","UI: None. | Backend: No SIEM integration or real-time security event pipeline."
"Story-1.6.1","Login","Authentication interface: Username / Email / Phone input, Password input, Remember me checkbox, Forgot Password link, Login button, SSO redirect buttons, MFA challenge transition.","src/pages/public/LoginPage.tsx (Route: /login)","Fully Implemented","Mock / Static Data","Partially Implemented","JAVA-SUITE-WIREFRAMES.md lines 3778-3878 (Story-1.6.1) | src/pages/public/LoginPage.tsx lines 1-320","UI: None. | Backend: No Spring Security / JWT authentication endpoint, bcrypt password verification, or rate-limited login handler."
"Story-1.6.2","Login History","Searchable & filterable table of user login activities: Timestamp, Username/Email, IP Address, Geolocation, Device/Browser, Login Method (Password, SSO, MFA), Login Status (Success, Failed), Failure Reason, Export Logs button.","src/pages/security/LoginHistory.tsx (Route: /security/login-history)","Fully Implemented","Mock / Static Data","Partially Implemented","JAVA-SUITE-WIREFRAMES.md lines 3880-3972 (Story-1.6.2) | src/pages/security/LoginHistory.tsx lines 1-200","UI: None (immutable ledger, search, status filter, and Export button are present). | Backend: No login event interceptor or immutable database audit append logger."
"Story-1.6.3","SSO (Single Sign-On)","Configure enterprise IdP integration (SAML 2.0 / OIDC): IdP Metadata URL, Entity ID, ACS URL, Certificate upload, Attribute mapping, Enable/Disable SSO toggle, Test SSO Connection button, Save Configuration.","src/pages/security/SSOConfiguration.tsx (Route: /security/sso)","Fully Implemented","Mock / Static Data","Partially Implemented","JAVA-SUITE-WIREFRAMES.md lines 3974-4072 (Story-1.6.3) | src/pages/security/SSOConfiguration.tsx lines 1-100","UI: None. | Backend: No SAML Service Provider endpoint, XML certificate parser, or real IdP handshake."
"Story-1.6.4","OAuth","Configure OAuth providers (Google, Microsoft, GitHub, Custom): Client ID, Client Secret, Authorization Endpoint, Token Endpoint, UserInfo Endpoint, Scopes, Enable/Disable toggle, Save button.","src/pages/security/OAuthConfiguration.tsx (Route: /security/oauth)","Fully Implemented","Mock / Static Data","Partially Implemented","JAVA-SUITE-WIREFRAMES.md lines 4074-4176 (Story-1.6.4) | src/pages/security/OAuthConfiguration.tsx lines 1-58","UI: Custom OAuth provider endpoint configuration form. | Backend: No OAuth2 client registration repository or authorization code exchange handler."
"Story-1.6.5","MFA (Multi-Factor Authentication)","Configure MFA policies: Enforcement mode (Mandatory All, Admins Only, Optional), Supported Methods (TOTP, SMS, Email, FIDO2), Grace period, Remember trusted device duration (days), Save Policy.","src/pages/security/MFAConfiguration.tsx (Route: /security/mfa)","Fully Implemented","Mock / Static Data","Partially Implemented","JAVA-SUITE-WIREFRAMES.md lines 4178-4282 (Story-1.6.5) | src/pages/security/MFAConfiguration.tsx lines 1-166","UI: None. | Backend: No TOTP secret generator, QR code generator, SMS OTP dispatch, or WebAuthn server."
"Story-1.6.6","Password Policy","Configure password security rules: Minimum length, Require uppercase, Require lowercase, Require numbers, Require special characters, Password expiration period (days), Prevent password reuse count (history), Maximum failed attempts before lockout, Save Policy.","src/pages/security/PasswordPolicy.tsx (Route: /security/password-policy)","Fully Implemented","Mock / Static Data","Partially Implemented","JAVA-SUITE-WIREFRAMES.md lines 4284-4378 (Story-1.6.6) | src/pages/security/PasswordPolicy.tsx lines 1-69","UI: None. | Backend: No password validation regex engine or password history hash verification."
"Story-1.6.7","Account Lockout","Configure lockout thresholds and unlock locked accounts: Lockout threshold, Lockout duration (minutes / manual), Reset failed counter after (minutes), Locked Accounts Table (User Email, Lockout Time, Reason, IP, Action: Unlock Account button).","src/pages/security/AccountLockout.tsx (Route: /security/account-lockout)","Fully Implemented","Mock / Static Data","Partially Implemented","JAVA-SUITE-WIREFRAMES.md lines 4380-4474 (Story-1.6.7) | src/pages/security/AccountLockout.tsx lines 1-139","UI: None. | Backend: No failed login counter in Redis/cache or account unlocking service."
"Story-1.6.8","Security Alerts","Centralized dashboard for managing security notifications: Alert severity (Critical, High, Medium, Low), Category, User, IP, Timestamp, Status (Open, Investigating, Resolved), Actions: View Details, Acknowledge, Resolve, Export Alerts.","src/pages/security/SecurityAlerts.tsx (Route: /security/alerts)","Fully Implemented","Mock / Static Data","Partially Implemented","JAVA-SUITE-WIREFRAMES.md lines 4476-4576 (Story-1.6.8) | src/pages/security/SecurityAlerts.tsx lines 1-225","UI: None. | Backend: No intrusion detection event ingest or incident management notification dispatcher."
"Story-1.6.9","Device Management","Registered user devices view: Device Name, OS / Browser, User, IP, Last Active Timestamp, Trust Status (Trusted / Untrusted / Blocked), Actions: View Details, Mark as Trusted, Revoke Device Trust, Remote Wipe / Block Device, Search, Filter.","src/pages/security/DeviceManagement.tsx (Route: /security/devices)","Fully Implemented","Mock / Static Data","Partially Implemented","JAVA-SUITE-WIREFRAMES.md lines 4578-4680 (Story-1.6.9) | src/pages/security/DeviceManagement.tsx lines 1-229","UI: Remote wipe confirmation action. | Backend: No device fingerprinting verification or device cookie validation."
"Story-1.6.10","Session Management","View and manage all active user sessions: User, IP, Location, Device / User Agent, Session Start Time, Last Activity, Current Session indicator, Actions: View Session, Terminate / Revoke Single Session, Terminate All Sessions for User, Force Global Session Logout.","src/pages/security/SessionManagement.tsx (Route: /security/sessions)","Fully Implemented","Mock / Static Data","Partially Implemented","JAVA-SUITE-WIREFRAMES.md lines 4682-4784 (Story-1.6.10) | src/pages/security/SessionManagement.tsx lines 1-219","UI: Terminate All Sessions for User bulk action button. | Backend: No distributed session store (e.g. Spring Session with Redis) or session token revocation broadcast."
"Story-1.7","System Configuration","Dashboard displaying overall configuration health, gateway statuses (Email, SMS), regional defaults, quick navigation cards to General, Localization, Currency, Time Zone, Email, SMS.","src/pages/system/SystemConfigDashboard.tsx (Route: /system/config)","Fully Implemented","Mock / Static Data","Partially Implemented","JAVA-SUITE-WIREFRAMES.md lines 4786-4872 (Story-1.7) | src/pages/system/SystemConfigDashboard.tsx lines 1-59","UI: None. | Backend: No system configuration aggregation health check."
"Story-1.7.1","General Settings","Platform details: Application Name, Organization Name, Contact Email, Contact Phone, Portal URL, System Environment, Default Language, Save Changes, Cancel.","src/pages/system/GeneralSettings.tsx (Route: /system/general)","Fully Implemented","Mock / Static Data","Partially Implemented","JAVA-SUITE-WIREFRAMES.md lines 4874-4970 (Story-1.7.1) | src/pages/system/GeneralSettings.tsx lines 1-67","UI: None. | Backend: No general settings persistence repository."
"Story-1.7.2","Localization","Manage supported languages, default language, date format, time format, number format, Save Localization.","src/pages/system/Localization.tsx (Route: /system/localization)","Fully Implemented","Mock / Static Data","Partially Implemented","JAVA-SUITE-WIREFRAMES.md lines 4972-5070 (Story-1.7.2) | src/pages/system/Localization.tsx lines 1-76","UI: Number formatting preview (e.g. 1,000.00 vs 1.000,00). | Backend: No dynamic i18n bundle loader."
"Story-1.7.3","Currency","Supported currencies, base currency, currency symbol display, decimal precision, exchange rate source / manual exchange rates, Save Currency.","src/pages/system/Currency.tsx (Route: /system/currency)","Fully Implemented","Mock / Static Data","Partially Implemented","JAVA-SUITE-WIREFRAMES.md lines 5072-5164 (Story-1.7.3) | src/pages/system/Currency.tsx lines 1-75","UI: Live exchange rate API sync button. | Backend: No automated foreign exchange rate feed integration."
"Story-1.7.4","Time Zone","Default platform time zone selector, daylight saving time (DST) toggle, UTC offset display, list of supported time zones, Save Time Zone.","src/pages/system/TimeZone.tsx (Route: /system/timezone)","Fully Implemented","Mock / Static Data","Partially Implemented","JAVA-SUITE-WIREFRAMES.md lines 5166-5258 (Story-1.7.4) | src/pages/system/TimeZone.tsx lines 1-67","UI: None. | Backend: No IANA timezone database integration."
"Story-1.7.5","Email Configuration","SMTP Server host, port, security encryption (SSL/TLS, STARTTLS), username, password, default sender email, sender display name, Send Test Email button, Save Configuration button.","src/pages/system/EmailConfiguration.tsx (Route: /system/email)","Fully Implemented","Mock / Static Data","Partially Implemented","JAVA-SUITE-WIREFRAMES.md lines 5260-5356 (Story-1.7.5) | src/pages/system/EmailConfiguration.tsx lines 1-87","UI: None. | Backend: No JavaMailSender / SMTP handshake validator."
"Story-1.7.6","SMS Configuration","SMS Gateway provider selector, API Key / Auth Token, Sender ID / Phone Number, webhook callback URL, Send Test SMS button, Save Configuration button.","src/pages/system/SMSConfiguration.tsx (Route: /system/sms)","Fully Implemented","Mock / Static Data","Partially Implemented","JAVA-SUITE-WIREFRAMES.md lines 5358-5456 (Story-1.7.6) | src/pages/system/SMSConfiguration.tsx lines 1-61","UI: Webhook callback URL input field. | Backend: No SMS gateway client integration (Twilio / AWS SNS)."
"Story-1.8","Audit & Compliance","Dashboard displaying metrics related to audit logs, activity logs, security events, and compliance reports. Summary cards, event volume charts, quick links.","src/pages/audit/AuditDashboard.tsx (Route: /audit)","Fully Implemented","Mock / Static Data","Partially Implemented","JAVA-SUITE-WIREFRAMES.md lines 5458-5542 (Story-1.8) | src/pages/audit/AuditDashboard.tsx lines 1-54","UI: Event volume line/bar chart over time. | Backend: No audit data aggregation service."
"Story-1.8.1","Audit Logs","Search, filter, review, and export system audit records (Administrative changes, privilege escalations, configuration edits, tenant provisioning). Elements: Timestamp, Actor, Action, Resource, Tenant, IP Address, Outcome, Details modal, Export to CSV/PDF.","src/pages/audit/AuditLogs.tsx (Route: /audit/logs)","Fully Implemented","Mock / Static Data","Partially Implemented","JAVA-SUITE-WIREFRAMES.md lines 5544-5632 (Story-1.8.1) | src/pages/audit/AuditLogs.tsx lines 1-195","UI: Export to PDF option (currently CSV export toast). | Backend: No tamper-evident cryptographic hash chain / blockchain ledger or log streaming service."
"Story-1.8.2","Activity Logs","Search, filter, review, and export operational user activity records across all business modules: Timestamp, User, Module, Action Performed, Entity ID, IP, Client Device, Export.","src/pages/audit/ActivityLogs.tsx (Route: /audit/activity)","Fully Implemented","Mock / Static Data","Partially Implemented","JAVA-SUITE-WIREFRAMES.md lines 5634-5720 (Story-1.8.2) | src/pages/audit/ActivityLogs.tsx lines 1-200","UI: None. | Backend: No AOP (Aspect-Oriented Programming) activity logging interceptor."
"Story-1.8.3","Security Logs","Centralized interface for viewing, searching, filtering, and analyzing security-related events: Severity, Event Code, Source IP, Target User, Timestamp, Incident Action, Export.","src/pages/audit/SecurityLogs.tsx (Route: /audit/security)","Fully Implemented","Mock / Static Data","Partially Implemented","JAVA-SUITE-WIREFRAMES.md lines 5722-5808 (Story-1.8.3) | src/pages/audit/SecurityLogs.tsx lines 1-64","UI: None. | Backend: No security event repository or automated intrusion alerting."
"Story-1.8.4","Compliance Reports","Generate and download regulatory compliance reports based on predefined standards (SOC 2 Type II, ISO 27001, GDPR, HIPAA, PCI-DSS): Report Category, Date Range selector, Tenant selector, Format (PDF / CSV / JSON), Generate Report button, Download button, Report Generation History table.","src/pages/audit/ComplianceReports.tsx (Route: /audit/compliance)","Fully Implemented","Mock / Static Data","Partially Implemented","JAVA-SUITE-WIREFRAMES.md lines 5810-5896 (Story-1.8.4) | src/pages/audit/ComplianceReports.tsx lines 1-56","UI: None. | Backend: No automated compliance evidence collection engine or PDF report compilation pipeline."